{
    "max_speed": 15.358452872484602,
    "max_x": 318.64696105491413
}