{
    "max_speed": 23.558690662240824,
    "max_x": 973.4915900678702
}