{
    "max_speed": 36.95869097084583,
    "max_x": 2011.7236242789681
}