{
    "max_speed": 19.458429374397124,
    "max_x": 431.35602411805394
}