{
    "max_speed": 9.499831230342249,
    "max_x": 115.22084708038753
}