{
    "max_speed": 11.658474054484662,
    "max_x": 216.933903788834
}