{
    "max_speed": 27.028385835589386,
    "max_x": 639.4554323729061
}