{
    "max_speed": 26.158391219080727,
    "max_x": 615.5391273145692
}