{
    "max_speed": 34.658691013760944,
    "max_x": 1833.5196210713
}