{
    "max_speed": 22.25869057246113,
    "max_x": 872.7675867923516
}