{
    "max_speed": 21.858690557075608,
    "max_x": 841.7755856561088
}