{
    "max_speed": 24.858398594559404,
    "max_x": 579.802107081795
}