{
    "max_speed": 27.358690870112635,
    "max_x": 1267.915601958911
}