{
    "max_speed": 15.95844945348777,
    "max_x": 335.14097002133127
}