{
    "max_speed": 9.499831230342249,
    "max_x": 128.96585474668004
}