{
    "Ego_x": 129.71589141915675,
    "Leading_x": 383.49577697974723
}