{
    "max_speed": 18.958432237804132,
    "max_x": 417.61101673297844
}