{
    "max_speed": 25.3586908565523,
    "max_x": 1112.9555949422188
}