{
    "max_speed": 25.958392263354266,
    "max_x": 610.0411234142086
}