{
    "max_speed": 22.558690601294995,
    "max_x": 896.0115859908482
}