{
    "max_speed": 17.058443163782293,
    "max_x": 365.37998657570824
}