{
    "max_speed": 31.458690991110654,
    "max_x": 1585.5836119005482
}