{
    "max_speed": 30.55869091124033,
    "max_x": 1515.8516082388214
}