{
    "max_speed": 21.258690565680986,
    "max_x": 795.2875834167988
}