{
    "max_speed": 25.85869087547683,
    "max_x": 1151.6955963828932
}