{
    "max_speed": 19.9586904993706,
    "max_x": 694.5635798758302
}