{
    "max_speed": 34.05869106859697,
    "max_x": 1787.0316199021902
}