{
    "max_speed": 14.25845919221589,
    "max_x": 288.4079440275711
}