{
    "max_speed": 23.75840485662315,
    "max_x": 549.5630893576346
}