{
    "max_speed": 19.258430529535076,
    "max_x": 425.8580209535232
}