{
    "Ego_x": 106.2754943513862,
    "Leading_x": 383.49577697974723
}