{
    "max_speed": 25.55839462489011,
    "max_x": 599.0451169160356
}