{
    "max_speed": 37.75869106502139,
    "max_x": 2073.707629153372
}