{
    "max_speed": 22.758690707242234,
    "max_x": 911.5075868907321
}