{
    "max_speed": 25.758393389881892,
    "max_x": 604.5431207848324
}