{
    "max_speed": 39.058691295095606,
    "max_x": 2174.431632745787
}