{
    "max_speed": 32.85869104117882,
    "max_x": 1694.0556152641925
}