{
    "max_speed": 12.358470054268054,
    "max_x": 236.17691452071097
}