{
    "max_speed": 27.158690791732592,
    "max_x": 1252.4196001325672
}