{
    "max_speed": 20.45869054928954,
    "max_x": 733.3035817278808
}