{
    "max_speed": 30.35869096428828,
    "max_x": 1500.355608591402
}