{
    "max_speed": 9.499831230342249,
    "max_x": 131.71485629835536
}