{
    "max_speed": 36.05869103879501,
    "max_x": 1941.9916224510082
}