{
    "max_speed": 19.158431074321516,
    "max_x": 423.1090197467209
}