{
    "max_speed": 21.458690571157153,
    "max_x": 810.783584535949
}