{
    "max_speed": 21.558690620927084,
    "max_x": 818.5315849366066
}