{
    "max_speed": 14.458458007573647,
    "max_x": 293.9059473105838
}