{
    "max_speed": 39.658691233106715,
    "max_x": 2220.9196333659656
}