{
    "max_speed": 31.85869104475492,
    "max_x": 1616.5756132966947
}