{
    "Ego_x": 20.191765798091392,
    "Leading_x": 383.49577697974723
}