{
    "max_speed": 22.958409372270978,
    "max_x": 527.5710772910198
}