{
    "max_speed": 36.65869110674424,
    "max_x": 1988.4796239314558
}