{
    "max_speed": 15.258453410565544,
    "max_x": 315.8979590880536
}