{
    "max_speed": 20.458423719108602,
    "max_x": 458.8460392458595
}