{
    "max_speed": 10.958478078692155,
    "max_x": 197.69089287842576
}