{
    "Ego_x": 495.689236381971,
    "Leading_x": 383.49577697974723
}