{
    "max_speed": 24.658399698437442,
    "max_x": 574.3041038262743
}