{
    "max_speed": 14.058460332750775,
    "max_x": 282.9099409932202
}