{
    "max_speed": 23.358690668201287,
    "max_x": 957.9955889701664
}