{
    "max_speed": 9.499831230342249,
    "max_x": 145.45986386675807
}