{
    "max_speed": 25.958690861767664,
    "max_x": 1159.4435964233114
}