{
    "Ego_x": 107.55298795879756,
    "Leading_x": 383.49577697974723
}