{
    "max_speed": 33.358691010184366,
    "max_x": 1732.7956182632236
}