{
    "max_speed": 12.458469504713236,
    "max_x": 238.92591599601695
}