{
    "max_speed": 22.458690572237657,
    "max_x": 888.2635861874239
}