{
    "max_speed": 24.1586906801223,
    "max_x": 1019.9795925514048
}