{
    "max_speed": 26.98838674873265,
    "max_x": 638.3558490191041
}