{
    "Ego_x": 175.76959403214713,
    "Leading_x": 383.49577697974723
}