{
    "max_speed": 16.158448331998475,
    "max_x": 340.6389729946018
}