{
    "max_speed": 14.158459738492434,
    "max_x": 285.65894249942676
}