{
    "max_speed": 38.05869115204419,
    "max_x": 2096.951628049989
}