{
    "max_speed": 24.258690782940302,
    "max_x": 1027.7275931189024
}