{
    "max_speed": 29.05869081535109,
    "max_x": 1399.631604156529
}