{
    "max_speed": 26.258690874284778,
    "max_x": 1182.6875988691438
}