{
    "max_speed": 27.958690833306836,
    "max_x": 1314.4036037362696
}