{
    "max_speed": 26.558388939799226,
    "max_x": 626.53513442028
}