{
    "max_speed": 12.758467773049361,
    "max_x": 247.17292068976496
}