{
    "max_speed": 19.35842993468077,
    "max_x": 428.6070227416636
}