{
    "max_speed": 31.258690925545466,
    "max_x": 1570.087611699551
}