{
    "Ego_x": 16119.717391422828,
    "Leading_x": 383.49577697974723
}