{
    "max_speed": 14.358458582758438,
    "max_x": 291.15694560449543
}