{
    "max_speed": 26.828387010993065,
    "max_x": 633.9574289101653
}