{
    "max_speed": 22.658690593844366,
    "max_x": 903.7595865253292
}