{
    "Ego_x": 98.72421339705873,
    "Leading_x": 383.49577697974723
}