{
    "max_speed": 37.55869119853566,
    "max_x": 2058.2116278503477
}