{
    "max_speed": 29.158690794936454,
    "max_x": 1407.3796042108318
}