{
    "max_speed": 19.858690493708156,
    "max_x": 686.8155795722695
}