{
    "max_speed": 19.958426598012814,
    "max_x": 445.10103142614435
}