{
    "max_speed": 16.45844663180395,
    "max_x": 348.88597737219567
}