{
    "max_speed": 17.45844087094063,
    "max_x": 376.3759932182206
}