{
    "max_speed": 24.35840140193809,
    "max_x": 566.0570986327756
}