{
    "max_speed": 26.45869077236081,
    "max_x": 1198.183598549256
}