{
    "max_speed": 25.258690859234484,
    "max_x": 1105.2075952540838
}