{
    "max_speed": 19.65842834204468,
    "max_x": 436.85402716257767
}