{
    "max_speed": 14.758456328212802,
    "max_x": 302.15295149201353
}