{
    "max_speed": 9.499831230342249,
    "max_x": 112.47184563554441
}