{
    "max_speed": 15.65845112308831,
    "max_x": 326.8939654942489
}