{
    "max_speed": 30.758690898127316,
    "max_x": 1531.3476094398638
}