{
    "max_speed": 26.838387566508338,
    "max_x": 634.2323464143801
}