{
    "Ego_x": 1954.3946319413262,
    "Leading_x": 383.49577697974723
}