{
    "max_speed": 26.358389969767465,
    "max_x": 621.0371301448607
}