{
    "max_speed": 9.499831230342249,
    "max_x": 156.45586984421033
}