{
    "max_speed": 31.558690983957995,
    "max_x": 1593.331612038759
}