{
    "Ego_x": 3209.4796954387107,
    "Leading_x": 383.49577697974723
}