{
    "max_speed": 13.458463785349707,
    "max_x": 266.41593161745016
}