{
    "max_speed": 29.858690889782583,
    "max_x": 1461.615607191343
}