{
    "max_speed": 38.55869130224805,
    "max_x": 2135.691631180609
}