{
    "max_speed": 38.35869125575623,
    "max_x": 2120.1956308099384
}