{
    "max_speed": 26.76838828414822,
    "max_x": 632.3080495293183
}