{
    "max_speed": 9.958483781515405,
    "max_x": 170.20087751211676
}