{
    "max_speed": 11.858472904711084,
    "max_x": 222.43190687552317
}