{
    "max_speed": 20.15869048446942,
    "max_x": 710.0595800976629
}