{
    "max_speed": 20.858690554952037,
    "max_x": 764.2955821291829
}