{
    "max_speed": 26.85838709443955,
    "max_x": 634.782137957649
}