{
    "max_speed": 20.358424243629447,
    "max_x": 456.09703719585025
}