{
    "max_speed": 28.258690743303827,
    "max_x": 1337.6476044734427
}