{
    "max_speed": 11.058477500564384,
    "max_x": 200.43989443946097
}