{
    "max_speed": 32.25869097442152,
    "max_x": 1647.5676133092975
}