{
    "max_speed": 35.05869114965964,
    "max_x": 1864.511623391876
}