{
    "max_speed": 26.658388298453303,
    "max_x": 629.2841355269012
}