{
    "max_speed": 20.85842140883256,
    "max_x": 469.8420451000596
}