{
    "max_speed": 32.658691148467064,
    "max_x": 1678.5596152960966
}