{
    "max_speed": 28.55869081654316,
    "max_x": 1360.891604882708
}