{
    "max_speed": 27.03838649124058,
    "max_x": 639.7303493646892
}