{
    "max_speed": 10.658479801266342,
    "max_x": 189.44388821055816
}