{
    "max_speed": 27.01838690608882,
    "max_x": 639.1805538624329
}