{
    "Ego_x": 103.27200679019374,
    "Leading_x": 383.49577697974723
}