{
    "Ego_x": 18543.317236386316,
    "Leading_x": 383.49577697974723
}