{
    "max_speed": 17.258442057073076,
    "max_x": 370.87799024034524
}