{
    "max_speed": 15.758450590595384,
    "max_x": 329.642966786839
}