{
    "max_speed": 21.958415124118975,
    "max_x": 500.0810622816964
}