{
    "max_speed": 38.45869115681272,
    "max_x": 2127.943629436878
}