{
    "max_speed": 32.45869090766415,
    "max_x": 1663.0636126086056
}