{
    "max_speed": 19.55842884868421,
    "max_x": 434.1050258014805
}