{
    "max_speed": 23.15869064465738,
    "max_x": 942.4995877704338
}