{
    "Ego_x": 4105.214836383176,
    "Leading_x": 383.49577697974723
}