{
    "max_speed": 34.358691016145016,
    "max_x": 1810.2756210770976
}