{
    "Ego_x": 36.40538031673346,
    "Leading_x": 383.49577697974723
}