{
    "max_speed": 31.058690908260235,
    "max_x": 1554.5916111370793
}