{
    "max_speed": 20.258690549438537,
    "max_x": 717.8075800855312
}