{
    "max_speed": 32.75869110316755,
    "max_x": 1686.307615753299
}