{
    "max_speed": 39.55869130940072,
    "max_x": 2213.1716329772194
}