{
    "max_speed": 26.948386081160614,
    "max_x": 637.2562263615655
}