{
    "Ego_x": 908.470526674192,
    "Leading_x": 383.49577697974723
}