{
    "max_speed": 9.499831230342249,
    "max_x": 117.969848452502
}