{
    "max_speed": 26.928386450709382,
    "max_x": 636.7064305926367
}