{
    "max_speed": 35.65869102448982,
    "max_x": 1910.9996207153074
}