{
    "max_speed": 38.65869128555865,
    "max_x": 2143.4396327559325
}