{
    "max_speed": 10.358481509833425,
    "max_x": 181.1968837333884
}