{
    "max_speed": 14.658456863760529,
    "max_x": 299.40394993062205
}