{
    "max_speed": 26.778387278021786,
    "max_x": 632.5829288686786
}