{
    "max_speed": 19.758427713811752,
    "max_x": 439.6030290592079
}