{
    "max_speed": 26.938386970461828,
    "max_x": 636.9813478038113
}