{
    "max_speed": 16.558446005806204,
    "max_x": 351.6349788517423
}