{
    "max_speed": 26.358690930015126,
    "max_x": 1190.4355990440758
}