{
    "max_speed": 22.658411061466552,
    "max_x": 519.3240718290522
}