{
    "max_speed": 9.499831230342249,
    "max_x": 148.20886551722398
}