{
    "max_speed": 28.458690808906212,
    "max_x": 1353.1436048041278
}