{
    "max_speed": 22.05869060896899,
    "max_x": 857.2715864873985
}