{
    "max_speed": 37.158691074557964,
    "max_x": 2027.2196238600966
}