{
    "max_speed": 15.458452261686022,
    "max_x": 321.39596233661143
}