{
    "max_speed": 36.75869106502124,
    "max_x": 1996.2276233175537
}