{
    "max_speed": 30.458690917200673,
    "max_x": 1508.1036090376226
}