{
    "max_speed": 21.158690543478222,
    "max_x": 787.5395834531051
}