{
    "max_speed": 26.45838947624112,
    "max_x": 623.7861320454148
}