{
    "max_speed": 26.75838774293814,
    "max_x": 632.0331359434882
}