{
    "max_speed": 35.158690983958785,
    "max_x": 1872.2596217266307
}