{
    "max_speed": 26.958690871602627,
    "max_x": 1236.923600354441
}