{
    "max_speed": 20.758690548842615,
    "max_x": 756.5475823246949
}