{
    "max_speed": 21.05869055085429,
    "max_x": 779.7915832111972
}