{
    "max_speed": 23.65840529888965,
    "max_x": 546.8140874045946
}