{
    "max_speed": 27.45869083107147,
    "max_x": 1275.66360166998
}