{
    "max_accel": 3.3957300186157227,
    "max_x": 463.37138845386403
}