{
    "max_speed": 39.15869130701639,
    "max_x": 2182.1796354515523
}