{
    "max_speed": 31.158690887398514,
    "max_x": 1562.3396110386093
}