{
    "max_speed": 18.158436853587705,
    "max_x": 395.6190046672566
}