{
    "max_speed": 18.258436222970616,
    "max_x": 398.36800576504197
}