{
    "max_speed": 13.858461482822356,
    "max_x": 277.41193789315224
}