{
    "max_speed": 37.95869106263726,
    "max_x": 2089.203627830352
}