{
    "max_speed": 19.858427140415092,
    "max_x": 442.3520295118826
}