{
    "max_speed": 32.35869105667595,
    "max_x": 1655.3156157569074
}