{
    "max_speed": 23.858404185474818,
    "max_x": 552.312090947958
}