{
    "max_speed": 24.458400803507505,
    "max_x": 568.8061001235972
}