{
    "max_speed": 19.058431713283298,
    "max_x": 420.36001847491764
}