{
    "max_speed": 29.358690863407364,
    "max_x": 1422.8756051406135
}