{
    "max_speed": 21.55841737955873,
    "max_x": 489.0850557797595
}