{
    "max_speed": 16.65844545982766,
    "max_x": 354.38398069279964
}