{
    "max_speed": 16.858444309681595,
    "max_x": 359.88198368351095
}