{
    "Ego_x": 3114.6402354404895,
    "Leading_x": 383.49577697974723
}