{
    "max_speed": 20.658422598541257,
    "max_x": 464.34404230232593
}