{
    "max_speed": 27.048385525645337,
    "max_x": 640.005227654296
}