{
    "max_speed": 26.058690876668994,
    "max_x": 1167.1915977130207
}