{
    "max_speed": 39.2586913189374,
    "max_x": 2189.927634210871
}