{
    "max_speed": 27.6586908525294,
    "max_x": 1291.1596030961682
}