{
    "max_speed": 22.058414472044223,
    "max_x": 502.8300632597267
}