{
    "max_speed": 13.758462045788175,
    "max_x": 274.66293618527556
}