{
    "max_speed": 33.45869091720116,
    "max_x": 1740.5436167294022
}