{
    "max_speed": 37.658691104360486,
    "max_x": 2065.9596256361388
}