{
    "max_speed": 13.158465487956345,
    "max_x": 258.16892672699254
}