{
    "max_speed": 38.75869118303877,
    "max_x": 2151.1876322675753
}