{
    "max_speed": 10.858478640242385,
    "max_x": 194.9418915518581
}