{
    "max_speed": 34.85869104356317,
    "max_x": 1849.0156235880756
}