{
    "max_speed": 20.958690563445785,
    "max_x": 772.0435830168553
}