{
    "max_speed": 27.55869079635188,
    "max_x": 1283.4116025787603
}