{
    "max_speed": 17.15844258770344,
    "max_x": 368.1289882044744
}