{
    "max_speed": 12.958466648458764,
    "max_x": 252.67092369211286
}