{
    "max_speed": 18.45843516618029,
    "max_x": 403.86600898477946
}