{
    "max_speed": 15.058454558252937,
    "max_x": 310.39995631567496
}