{
    "max_speed": 20.158425447643154,
    "max_x": 450.59903450874197
}