{
    "max_speed": 23.758690677365546,
    "max_x": 988.9875904771088
}