{
    "Ego_x": 402.93702609594993,
    "Leading_x": 383.49577697974723
}