{
    "max_speed": 10.158482659607014,
    "max_x": 175.69888035796353
}