{
    "max_speed": 21.258419134319457,
    "max_x": 480.8380514625362
}