{
    "max_speed": 38.158691160388905,
    "max_x": 2104.6996266257033
}