{
    "max_speed": 27.058690787560124,
    "max_x": 1244.6716004190293
}