{
    "max_speed": 26.058391793669625,
    "max_x": 612.7901259358453
}