{
    "max_speed": 9.499831230342249,
    "max_x": 106.28529061602114
}