{
    "max_speed": 29.45869086072516,
    "max_x": 1430.6236040673352
}