{
    "max_speed": 35.35869100541632,
    "max_x": 1887.7556231374358
}