{
    "max_speed": 29.758690895891956,
    "max_x": 1453.8676066859784
}