{
    "max_speed": 37.058691097207884,
    "max_x": 2019.4716230807003
}