{
    "max_speed": 32.05869108170958,
    "max_x": 1632.0716134513498
}