{
    "max_speed": 24.75869072504941,
    "max_x": 1066.4675941422663
}