{
    "max_speed": 13.258464911877459,
    "max_x": 260.9179284927591
}