{
    "max_speed": 20.25842487067036,
    "max_x": 453.3480361715941
}