{
    "max_speed": 37.85869114727573,
    "max_x": 2081.4556287477126
}