{
    "max_speed": 27.8586908564037,
    "max_x": 1306.6556026003916
}