{
    "max_speed": 25.458690826302842,
    "max_x": 1120.7035946908888
}