{
    "max_speed": 25.758690903192974,
    "max_x": 1143.9475964431601
}