{
    "max_speed": 18.658434039056466,
    "max_x": 409.3640122195644
}