{
    "max_speed": 31.958690993494898,
    "max_x": 1624.3236128661476
}