{
    "max_speed": 26.88838727086919,
    "max_x": 635.606847175435
}