{
    "max_speed": 39.458691106745,
    "max_x": 2205.4236331935463
}