{
    "max_speed": 24.358690731754827,
    "max_x": 1035.4755920623597
}