{
    "max_speed": 23.35840710371823,
    "max_x": 538.5670834246007
}