{
    "max_speed": 24.058403049410302,
    "max_x": 557.8100941532108
}