{
    "max_speed": 22.158413959444268,
    "max_x": 505.57906466752854
}