{
    "max_speed": 21.85841568201848,
    "max_x": 497.3320613148986
}