{
    "max_speed": 14.858455693125304,
    "max_x": 304.9019531029357
}