{
    "max_speed": 36.45869090289646,
    "max_x": 1972.983622447131
}