{
    "max_speed": 10.058483222125819,
    "max_x": 172.94987902052216
}