{
    "max_speed": 25.15839685171955,
    "max_x": 588.0491119125502
}