{
    "max_speed": 26.968387206496285,
    "max_x": 637.806052828554
}