{
    "max_speed": 29.65869087115613,
    "max_x": 1446.1196056499186
}