{
    "max_speed": 36.35869108290252,
    "max_x": 1965.2356239271342
}