{
    "Ego_x": 180.7123384245392,
    "Leading_x": 383.49577697974723
}