{
    "max_speed": 12.658468333631033,
    "max_x": 244.4239190978903
}