{
    "max_speed": 17.958437953889415,
    "max_x": 390.1210011105263
}