{
    "max_speed": 24.75839914649836,
    "max_x": 577.053104994177
}