{
    "max_speed": 35.45869094938805,
    "max_x": 1895.5036238361997
}