{
    "max_speed": 34.15869098872684,
    "max_x": 1794.7796194406965
}