{
    "max_speed": 31.358691019720876,
    "max_x": 1577.835611687798
}