{
    "max_speed": 9.499831230342249,
    "max_x": 123.4678514681174
}