{
    "max_speed": 11.158476924373737,
    "max_x": 203.18889577330583
}