{
    "max_speed": 35.25869088382295,
    "max_x": 1880.0076213989494
}