{
    "max_speed": 16.358447188585792,
    "max_x": 346.13697617805735
}