{
    "max_speed": 28.958690792775762,
    "max_x": 1391.8836045494531
}