{
    "max_speed": 13.65846262901963,
    "max_x": 271.9139348549396
}