{
    "max_speed": 23.15840822190135,
    "max_x": 533.0690803001595
}