{
    "max_speed": 29.95869088352395,
    "max_x": 1469.3636065950404
}