{
    "max_speed": 36.55869112820207,
    "max_x": 1980.7316235676906
}