{
    "Ego_x": 620.7465788142292,
    "Leading_x": 383.49577697974723
}