{
    "max_speed": 22.858690685486547,
    "max_x": 919.2555882172555
}