{
    "max_speed": 20.358690590863752,
    "max_x": 725.5555810238025
}