{
    "max_speed": 32.55869119495863,
    "max_x": 1670.8116156045194
}