{
    "max_speed": 20.55842309922027,
    "max_x": 461.59504098803075
}