{
    "max_speed": 30.15869087130504,
    "max_x": 1484.859607677759
}