{
    "max_speed": 34.458690936274856,
    "max_x": 1818.023621517197
}