{
    "max_speed": 25.358395723999767,
    "max_x": 593.5471149805547
}