{
    "max_speed": 16.95844366654747,
    "max_x": 362.63098508760737
}