{
    "max_speed": 31.758690912432627,
    "max_x": 1608.8276121845802
}