{
    "max_speed": 23.658690687312035,
    "max_x": 981.2395902385244
}