{
    "max_speed": 9.558486076517678,
    "max_x": 159.2048715999912
}