{
    "max_speed": 27.058385985793105,
    "max_x": 640.2801415875958
}