{
    "max_speed": 26.908386777342802,
    "max_x": 636.1566387554452
}