{
    "max_speed": 9.499831230342249,
    "max_x": 142.71086234440756
}