{
    "max_speed": 35.75869100541646,
    "max_x": 1918.7476209649699
}