{
    "max_speed": 10.758479240982698,
    "max_x": 192.19288998907345
}