{
    "Ego_x": 172.31195425938213,
    "Leading_x": 383.49577697974723
}