{
    "max_speed": 17.55844029337169,
    "max_x": 379.12499488578345
}