{
    "max_speed": 11.958472331612448,
    "max_x": 225.18090824790323
}