{
    "max_speed": 21.0584202560788,
    "max_x": 475.3400480735582
}