{
    "Ego_x": 4997.500300001443,
    "Leading_x": 383.49577697974723
}