{
    "max_speed": 21.758690630072685,
    "max_x": 834.027586068759
}