{
    "max_speed": 9.499831230342249,
    "max_x": 126.21685294133754
}