{
    "max_speed": 21.95869058799554,
    "max_x": 849.5235858411162
}