{
    "max_speed": 21.35869059064045,
    "max_x": 803.035583367055
}