{
    "max_speed": 28.658690752542686,
    "max_x": 1368.6396056114593
}