{
    "max_speed": 24.858690774595747,
    "max_x": 1074.2155936407416
}