{
    "max_speed": 33.05869120568764,
    "max_x": 1709.551617850154
}