{
    "max_speed": 13.958460870086627,
    "max_x": 280.160939427898
}