{
    "max_speed": 33.55869100303201,
    "max_x": 1748.2916175775877
}