{
    "max_speed": 20.558690538709744,
    "max_x": 741.0515819734399
}