{
    "max_speed": 26.89838630050565,
    "max_x": 635.8817255619808
}