{
    "max_speed": 38.95869103521933,
    "max_x": 2166.6836311789352
}