{
    "max_speed": 12.058471764250768,
    "max_x": 227.92990984556545
}