{
    "max_speed": 21.458417936266052,
    "max_x": 486.33605428492234
}