{
    "Ego_x": 106.24102176985672,
    "Leading_x": 383.49577697974723
}