{
    "max_speed": 30.658690994090822,
    "max_x": 1523.5996096918113
}