{
    "max_speed": 25.658690833753504,
    "max_x": 1136.1995957527492
}