{
    "max_speed": 26.8683877214804,
    "max_x": 635.0570513305476
}