{
    "max_speed": 23.958403571547105,
    "max_x": 555.0610923593981
}