{
    "max_speed": 20.658690537666697,
    "max_x": 748.7995825224446
}