{
    "max_speed": 25.058397406042825,
    "max_x": 585.300108911217
}