{
    "Ego_x": 14451.980895440822,
    "Leading_x": 383.49577697974723
}