{
    "max_speed": 11.558474632351688,
    "max_x": 214.18490215545674
}