{
    "max_speed": 10.258482066838836,
    "max_x": 178.44788211976385
}