{
    "max_speed": 33.95869093389059,
    "max_x": 1779.2836188624915
}