{
    "max_speed": 35.558691039987224,
    "max_x": 1903.2516210688475
}