{
    "max_speed": 28.758690770321618,
    "max_x": 1376.387605367793
}