{
    "max_speed": 23.458406505287623,
    "max_x": 541.3160845150911
}