{
    "max_speed": 33.85869101256871,
    "max_x": 1771.5356195778415
}