{
    "max_speed": 18.558434582650825,
    "max_x": 406.6150106478252
}