{
    "max_speed": 26.99838578313743,
    "max_x": 638.6307276380111
}