{
    "max_speed": 38.25869121403295,
    "max_x": 2112.4476287706657
}