{
    "max_speed": 37.458691143699475,
    "max_x": 2050.4636281103953
}