{
    "max_speed": 39.35869127840647,
    "max_x": 2197.675632563541
}