{
    "max_speed": 32.15869103283398,
    "max_x": 1639.8196139226245
}