{
    "Ego_x": 5129.9221788155255,
    "Leading_x": 383.49577697974723
}