{
    "max_speed": 9.758484927861698,
    "max_x": 164.70287468339362
}