{
    "max_speed": 26.858690811103912,
    "max_x": 1229.1756000868243
}