{
    "max_speed": 29.558690832710923,
    "max_x": 1438.3716056291507
}