{
    "max_speed": 30.05869081944894,
    "max_x": 1477.111606141555
}