{
    "max_speed": 22.458412152231574,
    "max_x": 513.8260697202163
}