{
    "max_speed": 14.958455131500564,
    "max_x": 307.6509548694173
}