{
    "max_speed": 20.058425979316667,
    "max_x": 447.85003307900615
}