{
    "max_speed": 21.758416229189134,
    "max_x": 494.5830595100813
}