{
    "max_speed": 30.258691014952362,
    "max_x": 1492.607608143238
}