{
    "max_speed": 12.158471215441018,
    "max_x": 230.67891154051136
}