{
    "max_speed": 25.258396147192688,
    "max_x": 590.7981129552948
}