{
    "max_speed": 35.958690955348594,
    "max_x": 1934.2436204050637
}