{
    "max_speed": 24.958398015202192,
    "max_x": 582.5511087074757
}