{
    "Ego_x": 67.58100268784548,
    "Leading_x": 383.49577697974723
}