{
    "max_speed": 12.258470657019991,
    "max_x": 233.42791306920108
}