{
    "max_speed": 10.558480376153126,
    "max_x": 186.69488657244895
}