{
    "max_speed": 25.558690902596798,
    "max_x": 1128.4515962770954
}