{
    "max_speed": 21.658416754902106,
    "max_x": 491.8340579541262
}