{
    "max_speed": 9.65848552413164,
    "max_x": 161.9538733375486
}