{
    "max_speed": 23.0584087416538,
    "max_x": 530.3200785673937
}