{
    "max_speed": 9.499831230342249,
    "max_x": 134.4638576966729
}