{
    "max_speed": 26.158690908855355,
    "max_x": 1174.9395984426055
}