{
    "max_speed": 24.458690782344245,
    "max_x": 1043.2235924895024
}