{
    "Ego_x": 120.99957561140828,
    "Leading_x": 383.49577697974723
}