{
    "Ego_x": 3327.7161914202984,
    "Leading_x": 383.49577697974723
}