{
    "max_speed": 35.85869102210563,
    "max_x": 1926.4956220938302
}