{
    "max_speed": 38.85869124502754,
    "max_x": 2158.9356319442327
}