{
    "max_speed": 19.758690492218,
    "max_x": 679.0675786575896
}