{
    "max_speed": 12.558468908219774,
    "max_x": 241.67491749864362
}