{
    "Ego_x": 2513.812326096727,
    "Leading_x": 383.49577697974723
}