{
    "Ego_x": 150.0618136990219,
    "Leading_x": 383.49577697974723
}