{
    "max_speed": 24.558400284947073,
    "max_x": 571.5551015237552
}