{
    "Ego_x": 9148.395831943446,
    "Leading_x": 383.49577697974723
}