{
    "max_speed": 25.65839399188875,
    "max_x": 601.7941187378179
}