{
    "max_speed": 16.258447733782035,
    "max_x": 343.3879745636214
}