{
    "max_speed": 20.75842200726326,
    "max_x": 467.09304374283937
}