{
    "max_speed": 22.758410501182826,
    "max_x": 522.0730743751831
}