{
    "max_speed": 17.858438541591244,
    "max_x": 387.3719997767419
}