{
    "max_speed": 13.55846317619025,
    "max_x": 269.1649333296831
}