{
    "max_speed": 34.25869097919019,
    "max_x": 1802.5276210142956
}