{
    "max_speed": 34.75869090170426,
    "max_x": 1841.2676212659144
}