{
    "max_speed": 28.158690880841615,
    "max_x": 1329.8996042747679
}