{
    "max_speed": 15.85844999421361,
    "max_x": 332.391968860606
}