{
    "max_speed": 27.75869089186835,
    "max_x": 1298.9076035417806
}