{
    "max_speed": 11.758473482354583,
    "max_x": 219.68290514398188
}