{
    "max_speed": 26.788387885989128,
    "max_x": 632.8578453971887
}