{
    "max_speed": 34.55869101256861,
    "max_x": 1825.7716212558087
}