{
    "max_speed": 33.65869103283417,
    "max_x": 1756.039617688013
}