{
    "max_speed": 22.358412806690495,
    "max_x": 511.0770681970531
}