{
    "max_speed": 9.499831230342249,
    "max_x": 153.70686835793137
}