{
    "max_speed": 23.258407728374877,
    "max_x": 535.8180813583346
}