{
    "max_speed": 26.81838792413615,
    "max_x": 633.6825501548101
}