{
    "Ego_x": 12907.641435442272,
    "Leading_x": 383.49577697974723
}