{
    "max_speed": 20.958420841396435,
    "max_x": 472.59104689485264
}