{
    "max_speed": 16.75844483450045,
    "max_x": 357.13298228415476
}