{
    "max_speed": 17.658439736068296,
    "max_x": 381.87399631590085
}