{
    "max_speed": 22.158690624168127,
    "max_x": 865.0195864051315
}