{
    "max_speed": 17.75843919903046,
    "max_x": 384.62299828533855
}