{
    "max_speed": 26.79838691324137,
    "max_x": 633.1327243189847
}