{
    "max_speed": 26.65869088113941,
    "max_x": 1213.6795999087933
}