{
    "max_speed": 18.858432879150136,
    "max_x": 414.8620154712539
}