{
    "max_speed": 10.458480947314614,
    "max_x": 183.94588497465483
}