{
    "max_speed": 16.058448874503156,
    "max_x": 337.88997159939277
}