{
    "max_speed": 17.358441473841694,
    "max_x": 373.62699172019813
}