{
    "max_speed": 26.80838741153621,
    "max_x": 633.4076375920326
}