{
    "Ego_x": 180.07239307549798,
    "Leading_x": 383.49577697974723
}