{
    "max_speed": 34.95869103164222,
    "max_x": 1856.7636221301982
}