{
    "max_speed": 26.25839062303437,
    "max_x": 618.2881289721983
}