{
    "Ego_x": 666.3899354396914,
    "Leading_x": 383.49577697974723
}