{
    "max_accel": 5.395730018615723,
    "max_x": 513.3462756496428
}