{
    "max_speed": 18.758433432281223,
    "max_x": 412.11301375781164
}