{
    "max_speed": 36.85869110674439,
    "max_x": 2003.975624468664
}