{
    "max_speed": 25.858392833174545,
    "max_x": 607.292121924762
}