{
    "max_speed": 32.95869093389034,
    "max_x": 1701.803615573641
}