{
    "max_speed": 27.258690854913414,
    "max_x": 1260.1676016445767
}