{
    "max_speed": 25.05869077623491,
    "max_x": 1089.7115951751491
}