{
    "max_speed": 28.858690803914406,
    "max_x": 1384.1356041792517
}