{
    "max_speed": 28.058690842396572,
    "max_x": 1322.15160374757
}