{
    "max_speed": 26.97838617175966,
    "max_x": 638.0809323315431
}