{
    "max_speed": 30.858690958924086,
    "max_x": 1539.0956104078264
}