{
    "max_speed": 23.958690691014077,
    "max_x": 1004.4835919551874
}