{
    "max_speed": 30.958690909452166,
    "max_x": 1546.8436099106864
}