{
    "max_speed": 26.918387454451576,
    "max_x": 636.431551625161
}