{
    "max_speed": 9.499831230342249,
    "max_x": 150.95786696841975
}