{
    "max_speed": 24.658690763643353,
    "max_x": 1058.7195932042944
}