{
    "max_speed": 23.25869070515616,
    "max_x": 950.2475892102676
}