{
    "max_speed": 26.758690849548977,
    "max_x": 1221.4276001956796
}