{
    "max_speed": 26.55869080573953,
    "max_x": 1205.931598754632
}