{
    "max_speed": 11.458475187941465,
    "max_x": 211.43590068766815
}