{
    "max_accel": 1.6469365358352661,
    "max_x": 418.3939901944335
}