{
    "max_speed": 24.15840253084998,
    "max_x": 560.5590952592255
}