{
    "max_speed": 27.008386281432102,
    "max_x": 638.9056410010368
}