{
    "max_speed": 33.25869103879472,
    "max_x": 1725.0476178446659
}