{
    "Ego_x": 21142.723526679318,
    "Leading_x": 383.49577697974723
}