{
    "max_speed": 26.878386777342723,
    "max_x": 635.3319302438045
}