{
    "max_speed": 37.35869117111749,
    "max_x": 2042.7156259661783
}