{
    "max_speed": 15.158453999161376,
    "max_x": 313.1489576230603
}