{
    "max_speed": 25.458395155371495,
    "max_x": 596.2961165943879
}