{
    "max_speed": 9.85848433539154,
    "max_x": 167.45187621545034
}