{
    "max_speed": 9.499831230342249,
    "max_x": 139.96186087119474
}