{
    "max_speed": 22.358690646147394,
    "max_x": 880.5155859692188
}