{
    "max_speed": 9.499831230342249,
    "max_x": 109.72284418457592
}