{
    "max_speed": 26.95838654369255,
    "max_x": 637.5311391906056
}