{
    "max_speed": 21.65869056293364,
    "max_x": 826.2795846515733
}