{
    "max_speed": 21.158419664800736,
    "max_x": 478.08904996863964
}