{
    "max_speed": 36.15869100184016,
    "max_x": 1949.73962171911
}