{
    "max_speed": 23.058690659111516,
    "max_x": 934.7515881569353
}