{
    "max_speed": 11.258476374111138,
    "max_x": 205.93789765945257
}