{
    "max_speed": 22.958690630352272,
    "max_x": 927.0035880362464
}