{
    "max_speed": 23.45869065993118,
    "max_x": 965.7435899815712
}