{
    "max_speed": 13.358464318811249,
    "max_x": 263.66693000945
}