{
    "max_speed": 25.158690813934836,
    "max_x": 1097.45959452006
}