{
    "max_speed": 23.858690761296295,
    "max_x": 996.7355911942378
}