{
    "max_speed": 24.058690731456792,
    "max_x": 1012.231593367299
}