{
    "max_speed": 13.058466062247065,
    "max_x": 255.41992542137302
}