{
    "Ego_x": 115.21632182088054,
    "Leading_x": 383.49577697974723
}