{
    "Ego_x": 10957.31352609856,
    "Leading_x": 383.49577697974723
}