{
    "max_speed": 18.358435739576937,
    "max_x": 401.11700750525307
}