{
    "max_speed": 33.15869112939369,
    "max_x": 1717.2996189651467
}