{
    "Ego_x": 398.85439543776846,
    "Leading_x": 383.49577697974723
}