{
    "max_speed": 18.058437378704642,
    "max_x": 392.87000257450086
}