{
    "max_speed": 12.858467194437274,
    "max_x": 249.92192221228882
}