{
    "max_speed": 24.558690733766518,
    "max_x": 1050.971593650324
}