{
    "max_speed": 28.35869085692543,
    "max_x": 1345.395605106873
}