{
    "max_speed": 24.95869079888472,
    "max_x": 1081.9635939252023
}