{
    "max_speed": 26.848386557997667,
    "max_x": 634.5072244657315
}