{
    "max_speed": 36.25869100541643,
    "max_x": 1957.4876226284632
}