{
    "max_speed": 29.258690833083474,
    "max_x": 1415.1276041799692
}