{
    "max_speed": 22.85840987294996,
    "max_x": 524.8220761967145
}