{
    "max_speed": 15.558451727926473,
    "max_x": 324.1449638066351
}