{
    "max_speed": 21.358418483436747,
    "max_x": 483.58705269232246
}