{
    "Ego_x": 23166.624578820236,
    "Leading_x": 383.49577697974723
}