{
    "Ego_x": 4955.321126675371,
    "Leading_x": 383.49577697974723
}