{
    "max_speed": 11.358475790036852,
    "max_x": 208.68689938387521
}