{
    "max_speed": 9.499831230342249,
    "max_x": 120.71884996378553
}