{
    "max_speed": 31.658691045946785,
    "max_x": 1601.0796130591077
}