{
    "max_speed": 23.558405924738405,
    "max_x": 544.0650859822257
}