{
    "max_speed": 24.25840197652677,
    "max_x": 563.308097414729
}