{
    "max_speed": 33.7586909708453,
    "max_x": 1763.787619887842
}