{
    "max_speed": 37.25869103164284,
    "max_x": 2034.9676251729493
}