{
    "Ego_x": 24987.501500006787,
    "Leading_x": 383.49577697974723
}