{
    "max_speed": 22.558411633671138,
    "max_x": 516.5750710500901
}