{
    "max_speed": 20.058690534239275,
    "max_x": 702.3115802967185
}