{
    "max_speed": 22.258413386047614,
    "max_x": 508.32806709219756
}