{
    "max_speed": 14.558457432388833,
    "max_x": 296.654948569639
}